{"cameraMode":{"drawMode":0,"name":"Shaded","section":"Shading Mode"},"sceneLighting":true,"audioPlay":false,"sceneViewState":{"m_AlwaysRefresh":false,"showFog":true,"showSkybox":true,"showFlares":true,"showImageEffects":true,"showParticleSystems":true,"showVisualEffectGraphs":true,"m_FxEnabled":true},"in2DMode":false,"pivot":{"x":0.3718757629394531,"y":-0.49607086181640627,"z":23.03373908996582},"rotation":{"x":0.1859530359506607,"y":-0.7043148279190064,"z":0.19999366998672486,"w":0.6552988290786743},"size":74.67704772949219,"orthographic":false}