{"cameraMode":{"drawMode":0,"name":"Shaded","section":"Shading Mode"},"sceneLighting":true,"audioPlay":false,"sceneViewState":{"m_AlwaysRefresh":false,"showFog":true,"showSkybox":true,"showFlares":true,"showImageEffects":true,"showParticleSystems":true,"showVisualEffectGraphs":true,"m_FxEnabled":true},"in2DMode":false,"pivot":{"x":608.8244018554688,"y":89.28673553466797,"z":-353.9167785644531},"rotation":{"x":0.13915137946605683,"y":0.10556669533252716,"z":0.01490788720548153,"w":-0.9845249652862549},"size":11.411661148071289,"orthographic":false}